<launch4jConfig>
  <dontWrapJar>false</dontWrapJar>
  <headerType>gui</headerType>
  <jar>B:\win\Users\Jens\Documents\GitHub\YAYU\trunk\YAYU_Suite\dist\YAYU_Suite.jar</jar>
  <outfile>B:\win\Users\Jens\Documents\GitHub\YAYU\download\YAYU\Software Suite\win\YAYU_Suite_win32.exe</outfile>
  <errTitle></errTitle>
  <cmdLine></cmdLine>
  <chdir></chdir>
  <priority>normal</priority>
  <downloadUrl>http://java.com/download</downloadUrl>
  <supportUrl></supportUrl>
  <customProcName>true</customProcName>
  <stayAlive>false</stayAlive>
  <manifest></manifest>
  <icon></icon>
  <singleInstance>
    <mutexName>yayu_suite_mutex</mutexName>
    <windowTitle>YAYU Suite</windowTitle>
  </singleInstance>
  <jre>
    <path>C:\Program Files (x86)\Java\jre7</path>
    <minVersion>1.7.0</minVersion>
    <maxVersion></maxVersion>
    <jdkPreference>preferJre</jdkPreference>
  </jre>
</launch4jConfig>